<?xml version="1.0" encoding="UTF-8"?>
<webshop>
    <proizvod category="EDPZ">
        <EDPZ id="1">
            <marka>Prada</marka>
            <vrsta>Paradox</vrsta>
            <cijena>115,60 €</cijena>
            <cijena_popust>142,50 €</cijena_popust>
        </EDPZ>
        <EDPZ id="2">
            <marka>Lancome</marka>
            <vrsta>La Vie Est Belle</vrsta>
            <cijena>73,50 €</cijena>
            <cijena_popust>96,10 €</cijena_popust>
        </EDPZ>
        <EDPZ id="3">
            <marka>Armani</marka>
            <vrsta>My Way</vrsta>
            <cijena>106,00 €</cijena>
            <cijena_popust>93,60 €</cijena_popust>
        </EDPZ>
        <EDPZ id="4">
            <marka>Valentino</marka>
            <vrsta>Born In Roma Donna</vrsta>
            <cijena>100,00 €</cijena>
            <cijena_popust>87,90 €</cijena_popust>
        </EDPZ>
    </proizvod>

    <proizvod category="EDPM">
        <EDPM id="1">
            <marka>Armani</marka>
            <vrsta>Stronger With You</vrsta>
            <cijena>53,30 €</cijena>
        </EDPM>
        <EDPM id="2">
            <marka>Dior</marka>
            <vrsta>Sauvage</vrsta>
            <cijena>105,70 €</cijena>
        </EDPM>
        <EDPM id="3">
            <marka>Boss</marka>
            <vrsta>BOSS Infinite</vrsta>
            <cijena>41,00 €</cijena>
        </EDPM>
        <EDPM id="4">
            <marka>Prada</marka>
            <vrsta>Luna Rossa Black</vrsta>
            <cijena>82,00 €</cijena>
        </EDPM>
    </proizvod>
    <proizvod category="EDT">
        <EDT id="1">
            <marka>Guess</marka>
            <vrsta>1981</vrsta>
            <cijena>61,00 €</cijena>
        </EDT>
        <EDT id="2">
            <marka>M Jacobs</marka>
            <vrsta>Daisy</vrsta>
            <cijena>49,50 €</cijena>
        </EDT>
        <EDT id="3">
            <marka>Mugler</marka>
            <vrsta>Angel</vrsta>
            <cijena>77,50 €</cijena>
        </EDT>
        <EDT id="4">
            <marka>Dior</marka>
            <vrsta>Miss Dior</vrsta>
            <cijena>82,90 €</cijena>
        </EDT>
    </proizvod>
</webshop>
